skillcorner_match_id,statsbomb_match_id,opponent,corner_index,corner_time_sec,corner_side,result,player_id,player_name,role,start_x,start_y,end_x,end_y,delta_x,delta_y
2031733,4028847,Newcastle United,1,1525.0,bottom,No shot,24123,Araújo da Silva,RB,109.95,52.39,116.82,50.51,6.87,-1.88
2031733,4028847,Newcastle United,1,1525.0,bottom,No shot,673618,Cubarsí Paredes,RCB,113.93,45.01,113.38,40.4,-0.55,-4.61
2031733,4028847,Newcastle United,1,1525.0,bottom,No shot,11630,Koundé,RB,109.79,48.92,115.79,49.25,6.0,0.33
2031733,4028847,Newcastle United,1,1525.0,bottom,No shot,68071,Martín Langreo,LCB,80.14,38.22,76.25,40.07,-3.89,1.85
2031733,4028847,Newcastle United,1,1525.0,bottom,No shot,25738,González López,LDM,98.06,18.44,95.7,22.96,-2.35,4.53
2031733,4028847,Newcastle United,1,1525.0,bottom,No shot,12378,de Jong,RDM,118.93,41.51,117.45,43.21,-1.47,1.71
2031733,4028847,Newcastle United,1,1525.0,bottom,No shot,154096,López Marín,AM,114.15,25.19,112.63,28.06,-1.52,2.87
2031733,4028847,Newcastle United,1,1525.0,bottom,No shot,16062,Dias Belloli,LW,113.09,8.28,114.16,6.85,1.07,-1.44
2031733,4028847,Newcastle United,1,1525.0,bottom,No shot,6847,Rashford,CF,96.15,43.18,94.33,45.12,-1.82,1.94
2031733,4028847,Newcastle United,1,1525.0,bottom,No shot,9106,Lewandowski,CF,106.91,41.61,115.02,36.71,8.1,-4.91
2031733,4028847,Newcastle United,2,3121.0,bottom,No shot,24123,Araújo da Silva,RB,113.7,36.14,113.04,37.21,-0.66,1.07
2031733,4028847,Newcastle United,2,3121.0,bottom,No shot,673618,Cubarsí Paredes,RCB,110.63,49.01,109.34,49.46,-1.29,0.45
2031733,4028847,Newcastle United,2,3121.0,bottom,No shot,11630,Koundé,RB,78.88,34.91,79.89,33.32,1.01,-1.59
2031733,4028847,Newcastle United,2,3121.0,bottom,No shot,68071,Martín Langreo,LCB,100.06,12.96,99.05,10.49,-1.01,-2.47
2031733,4028847,Newcastle United,2,3121.0,bottom,No shot,25738,González López,LDM,112.55,43.38,110.56,43.92,-1.99,0.54
2031733,4028847,Newcastle United,2,3121.0,bottom,No shot,12378,de Jong,RDM,118.09,38.58,117.76,37.96,-0.33,-0.61
2031733,4028847,Newcastle United,2,3121.0,bottom,No shot,154096,López Marín,AM,120.13,12.14,118.03,10.0,-2.09,-2.14
2031733,4028847,Newcastle United,2,3121.0,bottom,No shot,16062,Dias Belloli,LW,96.56,51.85,96.08,51.38,-0.48,-0.47
2031733,4028847,Newcastle United,2,3121.0,bottom,No shot,9106,Lewandowski,CF,103.82,45.79,104.14,44.82,0.32,-0.96
2031733,4028847,Newcastle United,3,3575.0,bottom,No shot,24123,Araújo da Silva,RB,113.6,36.84,116.08,33.72,2.48,-3.12
2031733,4028847,Newcastle United,3,3575.0,bottom,No shot,673618,Cubarsí Paredes,RCB,112.7,48.26,113.82,46.82,1.12,-1.44
2031733,4028847,Newcastle United,3,3575.0,bottom,No shot,11630,Koundé,RB,78.17,35.56,77.86,33.58,-0.31,-1.99
2031733,4028847,Newcastle United,3,3575.0,bottom,No shot,68071,Martín Langreo,LCB,111.46,41.71,113.12,38.55,1.66,-3.15
2031733,4028847,Newcastle United,3,3575.0,bottom,No shot,25738,González López,LDM,98.05,18.0,97.95,19.82,-0.09,1.82
2031733,4028847,Newcastle United,3,3575.0,bottom,No shot,12378,de Jong,RDM,117.77,33.13,116.95,30.36,-0.82,-2.76
2031733,4028847,Newcastle United,3,3575.0,bottom,No shot,154096,López Marín,AM,112.79,11.92,111.05,11.94,-1.74,0.02
2031733,4028847,Newcastle United,3,3575.0,bottom,No shot,16062,Dias Belloli,LW,100.46,54.98,99.89,54.25,-0.57,-0.73
2031733,4028847,Newcastle United,3,3575.0,bottom,No shot,9106,Lewandowski,CF,111.25,36.31,112.94,31.88,1.69,-4.42
2034405,4028893,Paris Saint-Germain,1,1631.0,bottom,Shot,23104,García Martret,RB,113.13,39.68,115.86,35.87,2.73,-3.81
2034405,4028893,Paris Saint-Germain,1,1631.0,bottom,Shot,673618,Cubarsí Paredes,RCB,109.49,42.58,116.07,36.73,6.58,-5.85
2034405,4028893,Paris Saint-Germain,1,1631.0,bottom,Shot,11630,Koundé,RB,115.97,46.89,115.6,38.01,-0.37,-8.88
2034405,4028893,Paris Saint-Germain,1,1631.0,bottom,Shot,68071,Martín Langreo,LCB,80.34,35.62,80.17,35.42,-0.17,-0.2
2034405,4028893,Paris Saint-Germain,1,1631.0,bottom,Shot,25738,González López,LDM,96.96,16.0,97.17,16.09,0.21,0.09
2034405,4028893,Paris Saint-Germain,1,1631.0,bottom,Shot,12378,de Jong,RDM,120.31,37.59,117.63,39.81,-2.67,2.22
2034405,4028893,Paris Saint-Germain,1,1631.0,bottom,Shot,12426,Olmo Carvajal,AM,110.18,0.04,109.61,1.62,-0.57,1.59
2034405,4028893,Paris Saint-Germain,1,1631.0,bottom,Shot,6847,Rashford,CF,99.05,43.44,102.18,42.18,3.13,-1.26
2034405,4028893,Paris Saint-Germain,1,1631.0,bottom,Shot,12766,Torres García,CF,111.21,38.46,114.64,31.38,3.43,-7.08
2034405,4028893,Paris Saint-Germain,2,2747.0,top,No shot,23104,García Martret,RB,112.41,37.38,114.1,44.46,1.69,7.08
2034405,4028893,Paris Saint-Germain,2,2747.0,top,No shot,673618,Cubarsí Paredes,RCB,114.06,41.38,117.11,45.42,3.05,4.05
2034405,4028893,Paris Saint-Germain,2,2747.0,top,No shot,11630,Koundé,RB,108.41,31.2,112.71,34.16,4.3,2.96
2034405,4028893,Paris Saint-Germain,2,2747.0,top,No shot,68071,Martín Langreo,LCB,72.71,49.74,75.01,49.46,2.3,-0.28
2034405,4028893,Paris Saint-Germain,2,2747.0,top,No shot,25738,González López,LDM,95.78,62.19,97.45,51.94,1.67,-10.25
2034405,4028893,Paris Saint-Germain,2,2747.0,top,No shot,12378,de Jong,RDM,118.46,39.51,116.57,40.12,-1.89,0.61
2034405,4028893,Paris Saint-Germain,2,2747.0,top,No shot,12426,Olmo Carvajal,AM,108.58,73.95,105.65,57.75,-2.94,-16.2
2034405,4028893,Paris Saint-Germain,2,2747.0,top,No shot,639784,Nasroui Ebana,RW,95.71,36.52,98.59,35.04,2.88,-1.48
2034405,4028893,Paris Saint-Germain,2,2747.0,top,No shot,12766,Torres García,CF,114.19,42.89,114.16,46.67,-0.03,3.78
2034405,4028893,Paris Saint-Germain,3,3372.0,bottom,No shot,23104,García Martret,RB,91.73,43.47,98.62,43.99,6.89,0.52
2034405,4028893,Paris Saint-Germain,3,3372.0,bottom,No shot,673618,Cubarsí Paredes,RCB,86.05,41.35,93.21,43.05,7.17,1.69
2034405,4028893,Paris Saint-Germain,3,3372.0,bottom,No shot,11630,Koundé,RB,98.32,47.88,102.64,45.47,4.32,-2.41
2034405,4028893,Paris Saint-Germain,3,3372.0,bottom,No shot,68071,Martín Langreo,LCB,75.93,34.88,75.35,37.79,-0.58,2.91
2034405,4028893,Paris Saint-Germain,3,3372.0,bottom,No shot,25738,González López,LDM,94.83,23.98,94.7,19.4,-0.14,-4.58
2034405,4028893,Paris Saint-Germain,3,3372.0,bottom,No shot,12378,de Jong,RDM,97.61,36.89,106.65,39.56,9.04,2.67
2034405,4028893,Paris Saint-Germain,3,3372.0,bottom,No shot,12426,Olmo Carvajal,AM,109.22,6.21,111.74,1.42,2.51,-4.79
2034405,4028893,Paris Saint-Germain,3,3372.0,bottom,No shot,639784,Nasroui Ebana,RW,102.17,43.64,97.98,41.67,-4.19,-1.96
2034405,4028893,Paris Saint-Germain,3,3372.0,bottom,No shot,12766,Torres García,CF,105.12,44.13,107.81,44.55,2.69,0.42
2034405,4028893,Paris Saint-Germain,4,3838.0,top,No shot,23104,García Martret,RB,112.32,37.71,113.76,35.82,1.44,-1.88
2034405,4028893,Paris Saint-Germain,4,3838.0,top,No shot,673618,Cubarsí Paredes,RCB,112.17,41.44,114.63,41.08,2.46,-0.35
2034405,4028893,Paris Saint-Germain,4,3838.0,top,No shot,11630,Koundé,RB,109.62,42.76,113.12,42.25,3.5,-0.52
2034405,4028893,Paris Saint-Germain,4,3838.0,top,No shot,68071,Martín Langreo,LCB,77.6,37.69,76.74,36.28,-0.86,-1.41
2034405,4028893,Paris Saint-Germain,4,3838.0,top,No shot,25738,González López,LDM,96.66,57.99,98.5,55.2,1.84,-2.79
2034405,4028893,Paris Saint-Germain,4,3838.0,top,No shot,12378,de Jong,RDM,118.66,41.49,119.31,41.16,0.65,-0.33
2034405,4028893,Paris Saint-Germain,4,3838.0,top,No shot,12426,Olmo Carvajal,AM,110.48,66.93,106.9,56.69,-3.58,-10.24
2034405,4028893,Paris Saint-Germain,4,3838.0,top,No shot,6847,Rashford,CF,100.18,36.6,99.74,35.65,-0.45,-0.95
2034405,4028893,Paris Saint-Germain,4,3838.0,top,No shot,12766,Torres García,CF,114.69,42.13,113.63,43.88,-1.05,1.75
2037202,4028898,Olympiacos,4,2874.0,top,No shot,673618,Cubarsí Paredes,RCB,109.65,33.14,111.75,32.94,2.1,-0.2
2037202,4028898,Olympiacos,4,2874.0,top,No shot,23104,García Martret,RB,108.51,35.31,110.58,36.13,2.07,0.82
2037202,4028898,Olympiacos,4,2874.0,top,No shot,11630,Koundé,RB,109.98,37.01,111.85,39.81,1.87,2.8
2037202,4028898,Olympiacos,4,2874.0,top,No shot,53347,Balde Martínez,LB,73.99,44.95,73.39,44.0,-0.59,-0.95
2037202,4028898,Olympiacos,4,2874.0,top,No shot,25738,González López,LDM,95.59,49.02,97.14,47.39,1.55,-1.64
2037202,4028898,Olympiacos,4,2874.0,top,No shot,69884,Casadó Torras,LDM,91.92,38.69,94.79,37.82,2.87,-0.87
2037202,4028898,Olympiacos,4,2874.0,top,No shot,154096,López Marín,AM,115.17,38.21,115.69,41.42,0.53,3.21
2037202,4028898,Olympiacos,4,2874.0,top,No shot,639784,Nasroui Ebana,RW,98.26,28.28,99.3,29.51,1.04,1.22
2037202,4028898,Olympiacos,4,2874.0,top,No shot,933091,Fernández Sarmiento,LW,102.41,65.51,100.93,61.98,-1.49,-3.53
2037202,4028898,Olympiacos,5,3604.0,top,No shot,673618,Cubarsí Paredes,RCB,111.83,33.51,111.92,32.25,0.09,-1.26
2037202,4028898,Olympiacos,5,3604.0,top,No shot,23104,García Martret,RB,107.2,35.39,108.45,37.75,1.25,2.36
2037202,4028898,Olympiacos,5,3604.0,top,No shot,11630,Koundé,RB,108.81,36.34,109.44,37.26,0.63,0.92
2037202,4028898,Olympiacos,5,3604.0,top,No shot,53347,Balde Martínez,LB,78.95,41.46,79.65,41.49,0.7,0.04
2037202,4028898,Olympiacos,5,3604.0,top,No shot,25738,González López,LDM,106.25,72.29,103.77,67.32,-2.48,-4.98
2037202,4028898,Olympiacos,5,3604.0,top,No shot,69884,Casadó Torras,LDM,95.14,40.12,95.95,38.72,0.81,-1.4
2037202,4028898,Olympiacos,5,3604.0,top,No shot,12378,de Jong,RDM,97.69,47.66,97.59,47.51,-0.1,-0.15
2037202,4028898,Olympiacos,5,3604.0,top,No shot,639784,Nasroui Ebana,RW,98.53,32.54,97.75,31.56,-0.78,-0.98
2037202,4028898,Olympiacos,5,3604.0,top,No shot,154096,López Marín,AM,114.53,40.73,114.89,40.67,0.37,-0.06
2040244,4028929,Club Brugge,1,979.0,top,No shot,24123,Araújo da Silva,RB,112.24,26.85,112.18,27.18,-0.06,0.33
2040244,4028929,Club Brugge,1,979.0,top,No shot,23104,García Martret,RB,113.55,31.87,113.91,33.05,0.35,1.18
2040244,4028929,Club Brugge,1,979.0,top,No shot,11630,Koundé,RB,112.49,29.79,114.11,30.12,1.62,0.33
2040244,4028929,Club Brugge,1,979.0,top,No shot,53347,Balde Martínez,LB,78.45,44.06,76.78,44.95,-1.67,0.89
2040244,4028929,Club Brugge,1,979.0,top,No shot,12378,de Jong,RDM,96.78,45.61,97.51,45.64,0.73,0.02
2040244,4028929,Club Brugge,1,979.0,top,No shot,69884,Casadó Torras,LDM,117.11,39.14,116.51,38.88,-0.59,-0.26
2040244,4028929,Club Brugge,1,979.0,top,No shot,154096,López Marín,AM,96.4,67.21,95.98,67.02,-0.42,-0.19
2040244,4028929,Club Brugge,1,979.0,top,No shot,6847,Rashford,CF,94.9,29.78,95.65,30.44,0.74,0.66
2040244,4028929,Club Brugge,1,979.0,top,No shot,12766,Torres García,CF,108.69,27.62,108.61,27.45,-0.08,-0.18
2040244,4028929,Club Brugge,2,3736.0,bottom,No shot,24123,Araújo da Silva,RB,72.64,24.79,84.88,27.91,12.24,3.12
2040244,4028929,Club Brugge,2,3736.0,bottom,No shot,23104,García Martret,RB,72.81,11.05,98.33,21.62,25.52,10.58
2040244,4028929,Club Brugge,2,3736.0,bottom,No shot,11630,Koundé,RB,98.97,25.85,99.86,32.45,0.89,6.6
2040244,4028929,Club Brugge,2,3736.0,bottom,No shot,53347,Balde Martínez,LB,84.98,56.79,87.89,46.87,2.9,-9.92
2040244,4028929,Club Brugge,2,3736.0,bottom,No shot,12426,Olmo Carvajal,AM,116.02,18.92,112.5,26.99,-3.52,8.07
2040244,4028929,Club Brugge,2,3736.0,bottom,No shot,12378,de Jong,RDM,85.45,20.68,91.52,21.01,6.07,0.33
2040244,4028929,Club Brugge,2,3736.0,bottom,No shot,154096,López Marín,AM,96.78,18.05,97.81,13.82,1.03,-4.22
2040244,4028929,Club Brugge,2,3736.0,bottom,No shot,639784,Nasroui Ebana,RW,121.09,-2.08,122.71,-2.27,1.62,-0.19
2040244,4028929,Club Brugge,2,3736.0,bottom,No shot,6847,Rashford,CF,102.23,48.07,99.1,46.6,-3.13,-1.47
2040244,4028929,Club Brugge,2,3736.0,bottom,No shot,9106,Lewandowski,CF,106.61,41.32,101.46,47.42,-5.14,6.11
2040244,4028929,Club Brugge,3,4125.0,top,No shot,24123,Araújo da Silva,RB,105.86,36.75,112.23,41.15,6.37,4.4
2040244,4028929,Club Brugge,3,4125.0,top,No shot,23104,García Martret,RB,108.16,36.25,111.51,36.67,3.35,0.42
2040244,4028929,Club Brugge,3,4125.0,top,No shot,11630,Koundé,RB,107.33,31.41,110.38,36.26,3.05,4.85
2040244,4028929,Club Brugge,3,4125.0,top,No shot,53347,Balde Martínez,LB,77.93,48.22,80.02,50.04,2.09,1.81
2040244,4028929,Club Brugge,3,4125.0,top,No shot,12426,Olmo Carvajal,AM,116.48,38.18,114.63,37.92,-1.85,-0.26
2040244,4028929,Club Brugge,3,4125.0,top,No shot,12378,de Jong,RDM,99.39,66.44,103.01,68.31,3.61,1.87
2040244,4028929,Club Brugge,3,4125.0,top,No shot,154096,López Marín,AM,90.34,49.59,92.24,47.11,1.9,-2.48
2040244,4028929,Club Brugge,3,4125.0,top,No shot,639784,Nasroui Ebana,RW,96.05,22.18,95.38,28.05,-0.66,5.87
2040244,4028929,Club Brugge,3,4125.0,top,No shot,9106,Lewandowski,CF,104.15,33.73,110.13,41.81,5.98,8.08
2047362,4028938,Eintracht Frankfurt,1,817.0,top,Shot,673618,Cubarsí Paredes,RCB,110.3,31.53,110.82,31.53,0.53,0.0
2047362,4028938,Eintracht Frankfurt,1,817.0,top,Shot,68071,Martín Langreo,LCB,115.14,41.12,115.74,41.27,0.59,0.15
2047362,4028938,Eintracht Frankfurt,1,817.0,top,Shot,11630,Koundé,RB,109.78,29.6,110.21,29.62,0.42,0.02
2047362,4028938,Eintracht Frankfurt,1,817.0,top,Shot,53347,Balde Martínez,LB,75.71,44.24,75.19,44.18,-0.53,-0.06
2047362,4028938,Eintracht Frankfurt,1,817.0,top,Shot,25738,González López,LDM,95.6,53.16,95.59,53.48,-0.01,0.32
2047362,4028938,Eintracht Frankfurt,1,817.0,top,Shot,23104,García Martret,RB,110.94,31.12,111.13,31.21,0.19,0.09
2047362,4028938,Eintracht Frankfurt,1,817.0,top,Shot,639784,Nasroui Ebana,RW,95.52,52.02,96.07,53.16,0.55,1.14
2047362,4028938,Eintracht Frankfurt,1,817.0,top,Shot,16062,Dias Belloli,LW,97.49,37.39,97.52,37.53,0.03,0.14
2047362,4028938,Eintracht Frankfurt,1,817.0,top,Shot,9106,Lewandowski,CF,101.83,31.93,102.01,32.12,0.18,0.19
2047362,4028938,Eintracht Frankfurt,2,2830.0,bottom,No shot,673618,Cubarsí Paredes,RCB,89.47,41.94,96.78,42.92,7.3,0.98
2047362,4028938,Eintracht Frankfurt,2,2830.0,bottom,No shot,68071,Martín Langreo,LCB,88.81,51.67,95.13,49.74,6.32,-1.93
2047362,4028938,Eintracht Frankfurt,2,2830.0,bottom,No shot,11630,Koundé,RB,109.43,32.12,106.65,32.05,-2.78,-0.07
2047362,4028938,Eintracht Frankfurt,2,2830.0,bottom,No shot,53347,Balde Martínez,LB,89.36,59.78,84.69,55.74,-4.67,-4.04
2047362,4028938,Eintracht Frankfurt,2,2830.0,bottom,No shot,25738,González López,LDM,101.82,42.53,99.86,38.91,-1.95,-3.62
2047362,4028938,Eintracht Frankfurt,2,2830.0,bottom,No shot,23104,García Martret,RB,91.22,31.05,93.65,34.31,2.42,3.26
2047362,4028938,Eintracht Frankfurt,2,2830.0,bottom,No shot,154096,López Marín,AM,98.61,48.07,97.55,45.78,-1.05,-2.29
2047362,4028938,Eintracht Frankfurt,2,2830.0,bottom,No shot,639784,Nasroui Ebana,RW,106.17,15.55,108.86,12.32,2.69,-3.24
2047362,4028938,Eintracht Frankfurt,2,2830.0,bottom,No shot,16062,Dias Belloli,LW,121.61,23.8,120.62,16.38,-0.99,-7.42
2047362,4028938,Eintracht Frankfurt,2,2830.0,bottom,No shot,9106,Lewandowski,CF,109.21,37.53,108.53,40.05,-0.69,2.52
2047362,4028938,Eintracht Frankfurt,3,3137.0,bottom,Goal,673618,Cubarsí Paredes,RCB,109.29,47.49,111.83,48.6,2.54,1.11
2047362,4028938,Eintracht Frankfurt,3,3137.0,bottom,Goal,68071,Martín Langreo,LCB,105.36,39.81,111.28,42.32,5.92,2.51
2047362,4028938,Eintracht Frankfurt,3,3137.0,bottom,Goal,11630,Koundé,RB,99.69,49.06,105.41,50.41,5.71,1.35
2047362,4028938,Eintracht Frankfurt,3,3137.0,bottom,Goal,53347,Balde Martínez,LB,78.24,27.73,78.24,27.47,0.0,-0.26
2047362,4028938,Eintracht Frankfurt,3,3137.0,bottom,Goal,25738,González López,LDM,102.08,24.52,108.17,11.73,6.09,-12.79
2047362,4028938,Eintracht Frankfurt,3,3137.0,bottom,Goal,23104,García Martret,RB,111.14,48.93,114.29,47.38,3.14,-1.55
2047362,4028938,Eintracht Frankfurt,3,3137.0,bottom,Goal,16062,Dias Belloli,LW,99.35,46.08,98.69,47.47,-0.66,1.39
2047362,4028938,Eintracht Frankfurt,3,3137.0,bottom,Goal,639784,Nasroui Ebana,RW,95.82,33.48,93.19,25.14,-2.63,-8.34
2047362,4028938,Eintracht Frankfurt,3,3137.0,bottom,Goal,9106,Lewandowski,CF,102.38,47.24,97.05,51.38,-5.33,4.14
2047362,4028938,Eintracht Frankfurt,4,3545.0,bottom,No shot,673618,Cubarsí Paredes,RCB,113.69,48.79,114.55,48.85,0.86,0.06
2047362,4028938,Eintracht Frankfurt,4,3545.0,bottom,No shot,68071,Martín Langreo,LCB,114.5,40.08,115.59,39.49,1.09,-0.59
2047362,4028938,Eintracht Frankfurt,4,3545.0,bottom,No shot,11630,Koundé,RB,116.14,46.35,115.99,43.24,-0.15,-3.12
2047362,4028938,Eintracht Frankfurt,4,3545.0,bottom,No shot,53347,Balde Martínez,LB,78.42,32.95,80.54,33.07,2.11,0.12
2047362,4028938,Eintracht Frankfurt,4,3545.0,bottom,No shot,25738,González López,LDM,109.37,1.59,108.7,4.35,-0.67,2.76
2047362,4028938,Eintracht Frankfurt,4,3545.0,bottom,No shot,23104,García Martret,RB,113.93,46.28,114.78,45.71,0.85,-0.58
2047362,4028938,Eintracht Frankfurt,4,3545.0,bottom,No shot,16062,Dias Belloli,LW,95.37,49.79,95.34,48.88,-0.03,-0.91
2047362,4028938,Eintracht Frankfurt,4,3545.0,bottom,No shot,639784,Nasroui Ebana,RW,93.62,22.16,94.19,22.93,0.57,0.76
2047362,4028938,Eintracht Frankfurt,4,3545.0,bottom,No shot,9106,Lewandowski,CF,109.38,41.6,110.73,41.0,1.35,-0.6
2047362,4028938,Eintracht Frankfurt,5,4415.0,bottom,No shot,673618,Cubarsí Paredes,RCB,109.21,46.4,111.87,44.73,2.66,-1.67
2047362,4028938,Eintracht Frankfurt,5,4415.0,bottom,No shot,68071,Martín Langreo,LCB,110.97,39.22,112.0,37.02,1.03,-2.2
2047362,4028938,Eintracht Frankfurt,5,4415.0,bottom,No shot,11630,Koundé,RB,112.27,45.8,114.35,39.55,2.08,-6.25
2047362,4028938,Eintracht Frankfurt,5,4415.0,bottom,No shot,53347,Balde Martínez,LB,81.58,38.21,81.55,40.45,-0.02,2.24
2047362,4028938,Eintracht Frankfurt,5,4415.0,bottom,No shot,25738,González López,LDM,105.71,9.54,104.74,9.56,-0.97,0.02
2047362,4028938,Eintracht Frankfurt,5,4415.0,bottom,No shot,23104,García Martret,RB,110.08,48.01,114.78,46.88,4.7,-1.13
2047362,4028938,Eintracht Frankfurt,5,4415.0,bottom,No shot,12378,de Jong,RDM,95.86,30.54,96.34,31.55,0.48,1.01
2047362,4028938,Eintracht Frankfurt,5,4415.0,bottom,No shot,639784,Nasroui Ebana,RW,96.31,48.55,97.74,48.86,1.43,0.31
2047362,4028938,Eintracht Frankfurt,5,4415.0,bottom,No shot,12766,Torres García,CF,108.96,46.76,109.07,48.04,0.11,1.27
2050711,4028963,Slavia Praha,1,1728.0,top,Shot,23104,García Martret,RB,103.43,36.72,107.63,33.92,4.21,-2.8
2050711,4028963,Slavia Praha,1,1728.0,top,Shot,68071,Martín Langreo,LCB,113.66,32.6,115.12,40.15,1.46,7.55
2050711,4028963,Slavia Praha,1,1728.0,top,Shot,11630,Koundé,RB,108.51,32.95,112.31,31.65,3.79,-1.31
2050711,4028963,Slavia Praha,1,1728.0,top,Shot,53347,Balde Martínez,LB,93.43,37.53,99.85,38.34,6.42,0.81
2050711,4028963,Slavia Praha,1,1728.0,top,Shot,25738,González López,LDM,106.77,34.98,107.31,37.12,0.55,2.14
2050711,4028963,Slavia Praha,1,1728.0,top,Shot,12378,de Jong,RDM,115.83,39.74,117.78,39.21,1.95,-0.53
2050711,4028963,Slavia Praha,1,1728.0,top,Shot,154096,López Marín,AM,97.73,39.25,97.7,38.04,-0.02,-1.21
2050711,4028963,Slavia Praha,1,1728.0,top,Shot,73300,Bardghji,RW,100.05,66.82,99.71,62.24,-0.33,-4.59
2050711,4028963,Slavia Praha,1,1728.0,top,Shot,9106,Lewandowski,CF,104.96,36.79,109.87,39.09,4.91,2.31
2050711,4028963,Slavia Praha,2,2784.0,top,No shot,23104,García Martret,RB,104.61,38.29,110.07,34.89,5.46,-3.4
2050711,4028963,Slavia Praha,2,2784.0,top,No shot,68071,Martín Langreo,LCB,115.76,36.62,114.33,44.18,-1.43,7.55
2050711,4028963,Slavia Praha,2,2784.0,top,No shot,11630,Koundé,RB,110.53,34.42,114.11,43.25,3.59,8.82
2050711,4028963,Slavia Praha,2,2784.0,top,No shot,53347,Balde Martínez,LB,81.31,40.67,80.33,43.01,-0.98,2.34
2050711,4028963,Slavia Praha,2,2784.0,top,No shot,25738,González López,LDM,106.5,38.06,105.91,38.91,-0.59,0.85
2050711,4028963,Slavia Praha,2,2784.0,top,No shot,12378,de Jong,RDM,116.77,38.98,117.13,40.08,0.37,1.11
2050711,4028963,Slavia Praha,2,2784.0,top,No shot,154096,López Marín,AM,99.39,39.09,97.77,36.14,-1.62,-2.95
2050711,4028963,Slavia Praha,2,2784.0,top,No shot,73300,Bardghji,RW,102.96,70.52,100.31,61.0,-2.65,-9.52
2050711,4028963,Slavia Praha,2,2784.0,top,No shot,9106,Lewandowski,CF,101.99,32.16,114.01,47.09,12.02,14.93
2050711,4028963,Slavia Praha,3,2788.0,bottom,No shot,23104,García Martret,RB,73.21,31.45,52.59,31.59,-20.62,0.14
2050711,4028963,Slavia Praha,3,2788.0,bottom,No shot,12378,de Jong,RDM,76.97,38.92,61.49,32.06,-15.49,-6.86
2050711,4028963,Slavia Praha,3,2788.0,bottom,No shot,73300,Bardghji,RW,80.15,44.04,68.14,27.11,-12.01,-16.93
2050711,4028963,Slavia Praha,3,2788.0,bottom,No shot,16062,Dias Belloli,LW,82.41,75.61,68.45,74.98,-13.97,-0.64
2050711,4028963,Slavia Praha,3,2788.0,bottom,No shot,9106,Lewandowski,CF,83.07,50.92,69.15,47.95,-13.92,-2.96
2050711,4028963,Slavia Praha,4,2965.0,top,Shot,23104,García Martret,RB,109.79,40.45,109.67,39.05,-0.13,-1.4
2050711,4028963,Slavia Praha,4,2965.0,top,Shot,68071,Martín Langreo,LCB,106.98,47.72,97.58,44.0,-9.41,-3.72
2050711,4028963,Slavia Praha,4,2965.0,top,Shot,11630,Koundé,RB,100.43,27.85,97.86,25.09,-2.57,-2.75
2050711,4028963,Slavia Praha,4,2965.0,top,Shot,53347,Balde Martínez,LB,81.31,52.07,80.54,48.59,-0.78,-3.48
2050711,4028963,Slavia Praha,4,2965.0,top,Shot,25738,González López,LDM,92.51,44.94,88.49,38.02,-4.02,-6.92
2050711,4028963,Slavia Praha,4,2965.0,top,Shot,154096,López Marín,AM,95.76,36.46,103.91,29.13,8.15,-7.33
2050711,4028963,Slavia Praha,4,2965.0,top,Shot,73300,Bardghji,RW,93.63,49.51,93.21,42.84,-0.42,-6.67
2050711,4028963,Slavia Praha,4,2965.0,top,Shot,16062,Dias Belloli,LW,98.32,66.35,97.44,61.13,-0.88,-5.22
2050711,4028963,Slavia Praha,4,2965.0,top,Shot,9106,Lewandowski,CF,106.99,45.84,113.36,45.13,6.37,-0.71
2051683,4028983,FC København,1,606.0,bottom,Shot,673618,Cubarsí Paredes,RCB,66.83,45.04,88.63,45.8,21.79,0.76
2051683,4028983,FC København,1,606.0,bottom,Shot,68071,Martín Langreo,LCB,69.42,54.74,87.7,50.14,18.29,-4.6
2051683,4028983,FC København,1,606.0,bottom,Shot,11630,Koundé,RB,75.31,29.2,83.27,25.34,7.95,-3.86
2051683,4028983,FC København,1,606.0,bottom,Shot,53347,Balde Martínez,LB,70.49,59.47,78.4,50.45,7.91,-9.02
2051683,4028983,FC København,1,606.0,bottom,Shot,12426,Olmo Carvajal,AM,90.33,56.35,97.85,49.31,7.52,-7.05
2051683,4028983,FC København,1,606.0,bottom,Shot,23104,García Martret,RB,85.38,47.27,98.47,44.52,13.09,-2.75
2051683,4028983,FC København,1,606.0,bottom,Shot,154096,López Marín,AM,105.62,35.61,100.9,39.2,-4.72,3.59
2051683,4028983,FC København,1,606.0,bottom,Shot,16062,Dias Belloli,LW,120.94,28.78,118.15,8.79,-2.79,-19.99
2051683,4028983,FC København,1,606.0,bottom,Shot,9106,Lewandowski,CF,111.6,55.92,105.85,49.78,-5.75,-6.14
2051683,4028983,FC København,2,665.0,top,Shot,673618,Cubarsí Paredes,RCB,115.46,32.72,116.59,36.29,1.13,3.58
2051683,4028983,FC København,2,665.0,top,Shot,68071,Martín Langreo,LCB,118.18,41.48,116.34,49.33,-1.84,7.85
2051683,4028983,FC København,2,665.0,top,Shot,11630,Koundé,RB,114.46,35.24,115.6,45.98,1.14,10.74
2051683,4028983,FC København,2,665.0,top,Shot,23104,García Martret,RB,114.77,35.79,116.77,41.52,2.0,5.73
2051683,4028983,FC København,2,665.0,top,Shot,154096,López Marín,AM,95.06,62.08,93.03,57.12,-2.03,-4.96
2051683,4028983,FC København,2,665.0,top,Shot,639784,Nasroui Ebana,RW,97.26,48.01,103.34,50.84,6.08,2.82
2051683,4028983,FC København,2,665.0,top,Shot,16062,Dias Belloli,LW,94.98,33.64,96.01,33.4,1.03,-0.24
2051683,4028983,FC København,2,665.0,top,Shot,9106,Lewandowski,CF,106.1,35.47,112.72,38.86,6.62,3.39
2051683,4028983,FC København,3,705.0,bottom,Shot,673618,Cubarsí Paredes,RCB,115.14,48.58,114.56,44.75,-0.58,-3.82
2051683,4028983,FC København,3,705.0,bottom,Shot,68071,Martín Langreo,LCB,116.83,43.08,117.43,39.75,0.59,-3.33
2051683,4028983,FC København,3,705.0,bottom,Shot,11630,Koundé,RB,109.87,45.38,116.05,44.88,6.17,-0.49
2051683,4028983,FC København,3,705.0,bottom,Shot,53347,Balde Martínez,LB,81.52,32.55,81.69,32.79,0.17,0.24
2051683,4028983,FC København,3,705.0,bottom,Shot,12426,Olmo Carvajal,AM,99.57,43.65,98.81,45.13,-0.75,1.48
2051683,4028983,FC København,3,705.0,bottom,Shot,23104,García Martret,RB,111.68,49.88,115.34,48.48,3.66,-1.4
2051683,4028983,FC København,3,705.0,bottom,Shot,154096,López Marín,AM,114.51,18.26,115.22,13.09,0.71,-5.16
2051683,4028983,FC København,3,705.0,bottom,Shot,639784,Nasroui Ebana,RW,104.72,15.56,98.9,16.41,-5.82,0.85
2051683,4028983,FC København,3,705.0,bottom,Shot,9106,Lewandowski,CF,107.53,46.45,108.54,40.04,1.01,-6.41
2051683,4028983,FC København,4,892.0,top,Shot,673618,Cubarsí Paredes,RCB,114.81,32.27,116.45,36.64,1.63,4.36
2051683,4028983,FC København,4,892.0,top,Shot,68071,Martín Langreo,LCB,114.21,38.86,116.98,50.14,2.78,11.28
2051683,4028983,FC København,4,892.0,top,Shot,11630,Koundé,RB,113.71,38.48,116.78,47.8,3.06,9.32
2051683,4028983,FC København,4,892.0,top,Shot,53347,Balde Martínez,LB,77.86,45.93,81.26,45.8,3.39,-0.13
2051683,4028983,FC København,4,892.0,top,Shot,23104,García Martret,RB,115.41,34.49,117.94,47.41,2.54,12.92
2051683,4028983,FC København,4,892.0,top,Shot,154096,López Marín,AM,105.73,75.15,105.3,75.18,-0.42,0.02
2051683,4028983,FC København,4,892.0,top,Shot,639784,Nasroui Ebana,RW,93.04,65.21,95.83,63.82,2.79,-1.39
2051683,4028983,FC København,4,892.0,top,Shot,16062,Dias Belloli,LW,97.38,34.79,96.9,35.67,-0.48,0.88
2051683,4028983,FC København,4,892.0,top,Shot,9106,Lewandowski,CF,108.13,36.54,117.05,45.66,8.93,9.12
2051683,4028983,FC København,5,1111.0,bottom,Shot,673618,Cubarsí Paredes,RCB,113.33,49.92,115.84,49.48,2.51,-0.44
2051683,4028983,FC København,5,1111.0,bottom,Shot,68071,Martín Langreo,LCB,113.87,40.87,116.48,38.41,2.61,-2.46
2051683,4028983,FC København,5,1111.0,bottom,Shot,11630,Koundé,RB,108.24,43.93,115.35,46.68,7.11,2.75
2051683,4028983,FC København,5,1111.0,bottom,Shot,53347,Balde Martínez,LB,85.09,37.33,81.97,37.28,-3.12,-0.05
2051683,4028983,FC København,5,1111.0,bottom,Shot,12426,Olmo Carvajal,AM,98.86,42.73,101.69,45.84,2.83,3.11
2051683,4028983,FC København,5,1111.0,bottom,Shot,23104,García Martret,RB,112.09,45.85,114.37,41.51,2.27,-4.34
2051683,4028983,FC København,5,1111.0,bottom,Shot,154096,López Marín,AM,117.45,12.74,114.5,15.85,-2.95,3.11
2051683,4028983,FC København,5,1111.0,bottom,Shot,639784,Nasroui Ebana,RW,105.5,6.61,99.46,21.65,-6.03,15.04
2051683,4028983,FC København,5,1111.0,bottom,Shot,9106,Lewandowski,CF,106.07,45.99,113.52,39.73,7.45,-6.26
2051683,4028983,FC København,6,1214.0,bottom,No shot,673618,Cubarsí Paredes,RCB,113.62,51.58,111.98,49.95,-1.65,-1.62
2051683,4028983,FC København,6,1214.0,bottom,No shot,68071,Martín Langreo,LCB,116.63,41.11,115.19,36.08,-1.44,-5.02
2051683,4028983,FC København,6,1214.0,bottom,No shot,11630,Koundé,RB,112.8,47.35,113.26,46.66,0.46,-0.69
2051683,4028983,FC København,6,1214.0,bottom,No shot,53347,Balde Martínez,LB,86.78,33.96,81.69,32.98,-5.09,-0.99
2051683,4028983,FC København,6,1214.0,bottom,No shot,12426,Olmo Carvajal,AM,99.35,43.39,99.6,45.55,0.25,2.16
2051683,4028983,FC København,6,1214.0,bottom,No shot,23104,García Martret,RB,113.29,43.27,111.26,41.96,-2.03,-1.31
2051683,4028983,FC København,6,1214.0,bottom,No shot,154096,López Marín,AM,116.83,14.55,114.74,16.42,-2.09,1.87
2051683,4028983,FC København,6,1214.0,bottom,No shot,639784,Nasroui Ebana,RW,103.02,12.44,99.75,25.12,-3.27,12.68
2051683,4028983,FC København,6,1214.0,bottom,No shot,9106,Lewandowski,CF,108.49,40.0,114.16,35.33,5.67,-4.67
2051683,4028983,FC København,7,3130.0,bottom,No shot,673618,Cubarsí Paredes,RCB,114.51,49.95,116.37,48.94,1.85,-1.01
2051683,4028983,FC København,7,3130.0,bottom,No shot,68071,Martín Langreo,LCB,116.9,37.88,114.91,25.82,-1.99,-12.06
2051683,4028983,FC København,7,3130.0,bottom,No shot,11630,Koundé,RB,114.24,41.22,115.94,34.75,1.7,-6.47
2051683,4028983,FC København,7,3130.0,bottom,No shot,53347,Balde Martínez,LB,84.19,36.98,84.88,36.6,0.69,-0.38
2051683,4028983,FC København,7,3130.0,bottom,No shot,751177,Bernal Casas,RDM,115.54,45.95,114.72,43.09,-0.82,-2.86
2051683,4028983,FC København,7,3130.0,bottom,No shot,154096,López Marín,AM,98.16,6.93,94.31,13.08,-3.85,6.15
2051683,4028983,FC København,7,3130.0,bottom,No shot,639784,Nasroui Ebana,RW,106.93,22.72,110.18,24.66,3.26,1.94
2051683,4028983,FC København,7,3130.0,bottom,No shot,16062,Dias Belloli,LW,101.27,37.98,95.53,41.92,-5.74,3.94
2051683,4028983,FC København,7,3130.0,bottom,No shot,9106,Lewandowski,CF,108.19,40.73,111.13,43.59,2.94,2.86
2051683,4028983,FC København,8,4399.0,bottom,No shot,24123,Araújo da Silva,RB,115.67,39.98,115.14,35.19,-0.53,-4.79
2051683,4028983,FC København,8,4399.0,bottom,No shot,673618,Cubarsí Paredes,RCB,112.65,50.86,115.68,47.82,3.03,-3.04
2051683,4028983,FC København,8,4399.0,bottom,No shot,11630,Koundé,RB,108.34,41.39,113.54,33.64,5.2,-7.75
2051683,4028983,FC København,8,4399.0,bottom,No shot,53347,Balde Martínez,LB,84.26,36.99,83.91,36.65,-0.35,-0.34
2051683,4028983,FC København,8,4399.0,bottom,No shot,154096,López Marín,AM,104.4,0.0,101.02,7.07,-3.38,7.07
2051683,4028983,FC København,8,4399.0,bottom,No shot,751177,Bernal Casas,RDM,112.94,43.92,111.84,42.13,-1.1,-1.79
2051683,4028983,FC København,8,4399.0,bottom,No shot,639784,Nasroui Ebana,RW,94.19,30.51,93.49,29.38,-0.71,-1.13
2051683,4028983,FC København,8,4399.0,bottom,No shot,16062,Dias Belloli,LW,104.26,52.12,100.24,52.18,-4.02,0.06
2051683,4028983,FC København,8,4399.0,bottom,No shot,9106,Lewandowski,CF,108.56,40.75,112.55,33.98,3.99,-6.78
2051683,4028983,FC København,9,4584.0,top,Shot,24123,Araújo da Silva,RB,113.93,26.85,115.81,30.4,1.87,3.55
2051683,4028983,FC København,9,4584.0,top,Shot,673618,Cubarsí Paredes,RCB,115.59,27.15,116.09,28.47,0.5,1.32
2051683,4028983,FC København,9,4584.0,top,Shot,11630,Koundé,RB,115.98,33.05,117.27,33.76,1.29,0.72
2051683,4028983,FC København,9,4584.0,top,Shot,53347,Balde Martínez,LB,77.73,46.72,77.41,47.11,-0.32,0.39
2051683,4028983,FC København,9,4584.0,top,Shot,154096,López Marín,AM,87.59,50.61,89.02,49.2,1.43,-1.41
2051683,4028983,FC København,9,4584.0,top,Shot,751177,Bernal Casas,RDM,115.33,45.26,114.71,48.59,-0.62,3.33
2051683,4028983,FC København,9,4584.0,top,Shot,639784,Nasroui Ebana,RW,107.44,76.41,106.51,75.84,-0.93,-0.58
2051683,4028983,FC København,9,4584.0,top,Shot,6847,Rashford,CF,97.1,30.99,96.53,30.34,-0.57,-0.65
2051683,4028983,FC København,9,4584.0,top,Shot,9106,Lewandowski,CF,111.43,40.66,112.88,41.02,1.45,0.36
2051683,4028983,FC København,10,5827.0,bottom,No shot,24123,Araújo da Silva,RB,109.68,40.68,107.21,42.29,-2.47,1.61
2051683,4028983,FC København,10,5827.0,bottom,No shot,673618,Cubarsí Paredes,RCB,111.93,49.33,112.4,45.75,0.47,-3.58
2051683,4028983,FC København,10,5827.0,bottom,No shot,11630,Koundé,RB,105.39,50.24,108.34,51.31,2.95,1.07
2051683,4028983,FC København,10,5827.0,bottom,No shot,53347,Balde Martínez,LB,117.2,3.06,109.35,4.38,-7.85,1.32
2051683,4028983,FC København,10,5827.0,bottom,No shot,69884,Casadó Torras,LDM,100.98,29.72,96.49,18.64,-4.49,-11.08
2051683,4028983,FC København,10,5827.0,bottom,No shot,751177,Bernal Casas,RDM,110.99,37.6,113.07,39.21,2.08,1.61
2051683,4028983,FC København,10,5827.0,bottom,No shot,6847,Rashford,CF,117.84,2.48,109.65,1.94,-8.19,-0.54
2051683,4028983,FC København,10,5827.0,bottom,No shot,16062,Dias Belloli,LW,99.77,57.8,96.75,57.99,-3.02,0.19
2051683,4028983,FC København,10,5827.0,bottom,No shot,12766,Torres García,CF,111.1,41.38,109.98,44.8,-1.12,3.42
2057941,4052712,Newcastle United,1,1250.0,bottom,No shot,673618,Cubarsí Paredes,RCB,115.19,39.95,116.16,38.41,0.97,-1.54
2057941,4052712,Newcastle United,1,1250.0,bottom,No shot,68071,Martín Langreo,LCB,114.64,39.94,115.7,38.94,1.06,-1.0
2057941,4052712,Newcastle United,1,1250.0,bottom,No shot,24123,Araújo da Silva,RB,111.41,43.06,112.65,43.93,1.25,0.87
2057941,4052712,Newcastle United,1,1250.0,bottom,No shot,5056,Cavaco Cancelo,LB,81.29,40.47,79.41,40.68,-1.89,0.21
2057941,4052712,Newcastle United,1,1250.0,bottom,No shot,751177,Bernal Casas,RDM,116.24,39.76,116.94,39.71,0.7,-0.06
2057941,4052712,Newcastle United,1,1250.0,bottom,No shot,25738,González López,LDM,95.1,43.34,94.67,43.02,-0.42,-0.32
2057941,4052712,Newcastle United,1,1250.0,bottom,No shot,154096,López Marín,AM,92.19,23.32,92.81,23.58,0.62,0.26
2057941,4052712,Newcastle United,1,1250.0,bottom,No shot,639784,Nasroui Ebana,RW,110.23,4.49,110.07,5.01,-0.16,0.52
2057941,4052712,Newcastle United,1,1250.0,bottom,No shot,16062,Dias Belloli,LW,116.61,41.79,116.46,42.45,-0.15,0.66
2057941,4052712,Newcastle United,1,1250.0,bottom,No shot,9106,Lewandowski,CF,107.67,39.19,110.25,37.92,2.58,-1.27
2057941,4052712,Newcastle United,2,1375.0,bottom,No shot,673618,Cubarsí Paredes,RCB,115.61,41.4,115.94,40.34,0.33,-1.06
2057941,4052712,Newcastle United,2,1375.0,bottom,No shot,68071,Martín Langreo,LCB,115.07,43.68,116.19,43.54,1.12,-0.14
2057941,4052712,Newcastle United,2,1375.0,bottom,No shot,24123,Araújo da Silva,RB,112.05,46.38,113.09,48.25,1.04,1.87
2057941,4052712,Newcastle United,2,1375.0,bottom,No shot,5056,Cavaco Cancelo,LB,82.56,36.93,81.06,36.24,-1.5,-0.69
2057941,4052712,Newcastle United,2,1375.0,bottom,No shot,751177,Bernal Casas,RDM,117.12,42.24,116.63,42.56,-0.49,0.33
2057941,4052712,Newcastle United,2,1375.0,bottom,No shot,25738,González López,LDM,95.77,38.76,94.93,37.21,-0.85,-1.55
2057941,4052712,Newcastle United,2,1375.0,bottom,No shot,154096,López Marín,AM,112.35,0.42,109.85,1.62,-2.5,1.2
2057941,4052712,Newcastle United,2,1375.0,bottom,No shot,639784,Nasroui Ebana,RW,97.94,23.32,96.25,20.31,-1.69,-3.01
2057941,4052712,Newcastle United,2,1375.0,bottom,No shot,9106,Lewandowski,CF,110.19,39.76,110.54,40.33,0.34,0.56
2057941,4052712,Newcastle United,3,2595.0,bottom,No shot,673618,Cubarsí Paredes,RCB,115.74,41.2,116.8,41.87,1.06,0.67
2057941,4052712,Newcastle United,3,2595.0,bottom,No shot,68071,Martín Langreo,LCB,114.78,40.78,114.97,40.42,0.19,-0.35
2057941,4052712,Newcastle United,3,2595.0,bottom,No shot,24123,Araújo da Silva,RB,115.25,34.19,115.5,33.71,0.25,-0.48
2057941,4052712,Newcastle United,3,2595.0,bottom,No shot,5056,Cavaco Cancelo,LB,89.14,38.05,87.69,39.21,-1.45,1.16
2057941,4052712,Newcastle United,3,2595.0,bottom,No shot,751177,Bernal Casas,RDM,116.25,39.48,115.89,39.04,-0.37,-0.45
2057941,4052712,Newcastle United,3,2595.0,bottom,No shot,25738,González López,LDM,94.56,43.15,93.89,42.73,-0.67,-0.42
2057941,4052712,Newcastle United,3,2595.0,bottom,No shot,154096,López Marín,AM,108.56,1.47,104.19,5.91,-4.37,4.44
2057941,4052712,Newcastle United,3,2595.0,bottom,No shot,639784,Nasroui Ebana,RW,95.3,21.27,94.31,22.59,-0.99,1.32
2057941,4052712,Newcastle United,3,2595.0,bottom,No shot,16062,Dias Belloli,LW,116.1,5.65,114.97,3.05,-1.13,-2.6
2057941,4052712,Newcastle United,3,2595.0,bottom,No shot,9106,Lewandowski,CF,109.55,44.46,111.02,45.07,1.46,0.61
2057941,4052712,Newcastle United,4,3701.0,top,Shot,673618,Cubarsí Paredes,RCB,115.13,35.53,115.99,34.59,0.86,-0.94
2057941,4052712,Newcastle United,4,3701.0,top,Shot,68071,Martín Langreo,LCB,115.46,48.67,116.85,50.15,1.38,1.48
2057941,4052712,Newcastle United,4,3701.0,top,Shot,24123,Araújo da Silva,RB,87.84,50.65,88.75,50.06,0.91,-0.59
2057941,4052712,Newcastle United,4,3701.0,top,Shot,5056,Cavaco Cancelo,LB,81.41,42.2,80.72,42.75,-0.69,0.55
2057941,4052712,Newcastle United,4,3701.0,top,Shot,751177,Bernal Casas,RDM,112.96,39.4,114.69,40.91,1.73,1.51
2057941,4052712,Newcastle United,4,3701.0,top,Shot,25738,González López,LDM,96.03,33.56,95.75,34.0,-0.29,0.44
2057941,4052712,Newcastle United,4,3701.0,top,Shot,154096,López Marín,AM,105.69,71.38,104.67,71.73,-1.02,0.35
2057941,4052712,Newcastle United,4,3701.0,top,Shot,639784,Nasroui Ebana,RW,108.75,64.69,108.71,64.07,-0.05,-0.62
2057941,4052712,Newcastle United,4,3701.0,top,Shot,16062,Dias Belloli,LW,120.55,81.25,119.9,80.12,-0.65,-1.13
2057941,4052712,Newcastle United,4,3701.0,top,Shot,9106,Lewandowski,CF,111.74,43.76,111.98,44.54,0.24,0.78
2059201,4052716,Newcastle United,1,278.0,top,No shot,673618,Cubarsí Paredes,RCB,79.62,40.91,78.26,43.41,-1.36,2.51
2059201,4052716,Newcastle United,1,278.0,top,No shot,68071,Martín Langreo,LCB,115.42,39.62,115.22,43.13,-0.19,3.51
2059201,4052716,Newcastle United,1,278.0,top,No shot,23104,García Martret,RB,111.9,34.98,115.14,48.65,3.25,13.67
2059201,4052716,Newcastle United,1,278.0,top,No shot,25738,González López,LDM,98.31,60.32,96.66,53.34,-1.65,-6.98
2059201,4052716,Newcastle United,1,278.0,top,No shot,751177,Bernal Casas,RDM,117.07,40.71,117.3,41.32,0.23,0.61
2059201,4052716,Newcastle United,1,278.0,top,No shot,154096,López Marín,AM,117.69,38.64,116.8,38.62,-0.89,-0.01
2059201,4052716,Newcastle United,1,278.0,top,No shot,639784,Nasroui Ebana,RW,107.73,72.2,107.78,69.13,0.06,-3.07
2059201,4052716,Newcastle United,1,278.0,top,No shot,16062,Dias Belloli,LW,94.46,40.64,93.77,36.82,-0.69,-3.81
2059201,4052716,Newcastle United,1,278.0,top,No shot,9106,Lewandowski,CF,103.22,34.31,113.53,36.41,10.31,2.11
2059201,4052716,Newcastle United,2,1302.0,bottom,Shot,673618,Cubarsí Paredes,RCB,98.89,36.52,92.27,34.12,-6.62,-2.4
2059201,4052716,Newcastle United,2,1302.0,bottom,Shot,68071,Martín Langreo,LCB,113.93,39.66,116.99,38.24,3.06,-1.42
2059201,4052716,Newcastle United,2,1302.0,bottom,Shot,24123,Araújo da Silva,RB,114.35,38.86,117.84,26.22,3.49,-12.64
2059201,4052716,Newcastle United,2,1302.0,bottom,Shot,5056,Cavaco Cancelo,LB,101.95,44.93,101.6,46.38,-0.35,1.45
2059201,4052716,Newcastle United,2,1302.0,bottom,Shot,25738,González López,LDM,98.3,29.07,97.27,29.51,-1.03,0.44
2059201,4052716,Newcastle United,2,1302.0,bottom,Shot,751177,Bernal Casas,RDM,122.16,38.74,120.29,37.85,-1.87,-0.89
2059201,4052716,Newcastle United,2,1302.0,bottom,Shot,154096,López Marín,AM,114.94,39.38,113.37,38.2,-1.57,-1.18
2059201,4052716,Newcastle United,2,1302.0,bottom,Shot,639784,Nasroui Ebana,RW,103.66,5.38,101.54,8.52,-2.11,3.14
2059201,4052716,Newcastle United,2,1302.0,bottom,Shot,16062,Dias Belloli,LW,119.53,12.09,120.47,9.6,0.94,-2.49
2059201,4052716,Newcastle United,2,1302.0,bottom,Shot,9106,Lewandowski,CF,109.02,42.41,113.99,39.61,4.97,-2.8
2059201,4052716,Newcastle United,3,1324.0,bottom,No shot,673618,Cubarsí Paredes,RCB,85.09,36.81,81.95,35.41,-3.13,-1.4
2059201,4052716,Newcastle United,3,1324.0,bottom,No shot,68071,Martín Langreo,LCB,113.84,41.12,115.91,36.92,2.07,-4.2
2059201,4052716,Newcastle United,3,1324.0,bottom,No shot,24123,Araújo da Silva,RB,110.48,39.4,119.87,26.76,9.39,-12.64
2059201,4052716,Newcastle United,3,1324.0,bottom,No shot,5056,Cavaco Cancelo,LB,100.97,46.35,101.58,48.16,0.61,1.81
2059201,4052716,Newcastle United,3,1324.0,bottom,No shot,25738,González López,LDM,96.86,26.72,96.0,25.41,-0.86,-1.31
2059201,4052716,Newcastle United,3,1324.0,bottom,No shot,751177,Bernal Casas,RDM,118.24,40.24,119.22,36.89,0.98,-3.34
2059201,4052716,Newcastle United,3,1324.0,bottom,No shot,154096,López Marín,AM,117.78,41.33,117.28,40.64,-0.5,-0.69
2059201,4052716,Newcastle United,3,1324.0,bottom,No shot,639784,Nasroui Ebana,RW,111.13,0.87,108.78,2.18,-2.35,1.31
2059201,4052716,Newcastle United,3,1324.0,bottom,No shot,9106,Lewandowski,CF,108.38,45.45,115.55,44.59,7.18,-0.86
2059201,4052716,Newcastle United,4,1341.0,bottom,Shot,673618,Cubarsí Paredes,RCB,87.14,36.46,84.46,33.24,-2.69,-3.22
2059201,4052716,Newcastle United,4,1341.0,bottom,Shot,68071,Martín Langreo,LCB,113.47,42.45,116.18,37.26,2.71,-5.19
2059201,4052716,Newcastle United,4,1341.0,bottom,Shot,24123,Araújo da Silva,RB,112.7,39.51,116.91,25.61,4.22,-13.89
2059201,4052716,Newcastle United,4,1341.0,bottom,Shot,5056,Cavaco Cancelo,LB,97.3,41.67,100.57,48.72,3.27,7.05
2059201,4052716,Newcastle United,4,1341.0,bottom,Shot,25738,González López,LDM,97.37,26.35,96.19,27.65,-1.18,1.29
2059201,4052716,Newcastle United,4,1341.0,bottom,Shot,751177,Bernal Casas,RDM,120.17,38.4,116.77,37.46,-3.41,-0.94
2059201,4052716,Newcastle United,4,1341.0,bottom,Shot,154096,López Marín,AM,116.66,39.65,114.42,38.22,-2.24,-1.42
2059201,4052716,Newcastle United,4,1341.0,bottom,Shot,639784,Nasroui Ebana,RW,110.85,0.48,104.78,6.08,-6.07,5.6
2059201,4052716,Newcastle United,4,1341.0,bottom,Shot,9106,Lewandowski,CF,108.03,44.04,118.61,43.88,10.57,-0.15
2059201,4052716,Newcastle United,5,2397.0,top,No shot,673618,Cubarsí Paredes,RCB,92.4,37.78,80.91,39.28,-11.49,1.51
2059201,4052716,Newcastle United,5,2397.0,top,No shot,68071,Martín Langreo,LCB,111.74,38.02,115.43,40.87,3.69,2.85
2059201,4052716,Newcastle United,5,2397.0,top,No shot,24123,Araújo da Silva,RB,105.85,34.67,116.69,34.67,10.83,0.0
2059201,4052716,Newcastle United,5,2397.0,top,No shot,25738,González López,LDM,96.98,45.27,97.43,39.02,0.45,-6.25
2059201,4052716,Newcastle United,5,2397.0,top,No shot,751177,Bernal Casas,RDM,117.75,41.64,116.98,42.01,-0.77,0.38
2059201,4052716,Newcastle United,5,2397.0,top,No shot,154096,López Marín,AM,116.01,38.66,116.64,37.79,0.63,-0.87
2059201,4052716,Newcastle United,5,2397.0,top,No shot,639784,Nasroui Ebana,RW,95.83,51.54,97.5,51.29,1.67,-0.25
2059201,4052716,Newcastle United,5,2397.0,top,No shot,16062,Dias Belloli,LW,101.53,30.08,99.71,31.76,-1.82,1.68
2059201,4052716,Newcastle United,5,2397.0,top,No shot,9106,Lewandowski,CF,103.69,34.54,113.81,49.52,10.11,14.98
2059201,4052716,Newcastle United,6,3318.0,bottom,Goal,673618,Cubarsí Paredes,RCB,116.71,40.29,110.7,34.14,-6.01,-6.15
2059201,4052716,Newcastle United,6,3318.0,bottom,Goal,68071,Martín Langreo,LCB,114.72,40.48,103.05,25.32,-11.67,-15.16
2059201,4052716,Newcastle United,6,3318.0,bottom,Goal,24123,Araújo da Silva,RB,113.15,46.09,108.55,32.25,-4.61,-13.85
2059201,4052716,Newcastle United,6,3318.0,bottom,Goal,5056,Cavaco Cancelo,LB,104.85,31.55,111.42,17.33,6.57,-14.22
2059201,4052716,Newcastle United,6,3318.0,bottom,Goal,25738,González López,LDM,97.9,46.48,94.99,42.27,-2.9,-4.21
2059201,4052716,Newcastle United,6,3318.0,bottom,Goal,751177,Bernal Casas,RDM,116.74,42.25,118.34,24.08,1.6,-18.16
2059201,4052716,Newcastle United,6,3318.0,bottom,Goal,154096,López Marín,AM,117.3,39.87,112.81,18.26,-4.49,-21.61
2059201,4052716,Newcastle United,6,3318.0,bottom,Goal,639784,Nasroui Ebana,RW,100.26,67.56,97.02,60.71,-3.25,-6.86
2059201,4052716,Newcastle United,6,3318.0,bottom,Goal,16062,Dias Belloli,LW,120.83,79.21,117.84,74.64,-2.99,-4.58
2059201,4052716,Newcastle United,6,3318.0,bottom,Goal,9106,Lewandowski,CF,117.59,36.54,116.69,17.28,-0.9,-19.26
